<?xml version="1.0" encoding="UTF-8"?>
<!DOCTYPE xml>
<Configuration status="INFO">
    <Appenders>
        <Console name="Console" target="SYSTEM_OUT"> 
            <PatternLayout pattern="%d{HH:mm:ss.SSS} [%t] %-5level %logger{36} - %msg%n" />
        </Console>
        <File name="MyFile" fileName="logs/835Cap/835CapLogFile_${date:yyyy-MM-dd}.log" immediateFlush="true" append="true">
            <PatternLayout pattern="%d{yyy-MM-dd HH:mm:ss.SSS} [%t] %-5level %logger{36} - %msg%n"/>
        </File>
    </Appenders>
    <Loggers>
        <Root level="debug">
            <AppenderRef ref="Console" />
            <AppenderRef ref="MyFile"/>
        </Root>
        <Logger name="org.hibernate" level="debug">
        	<AppenderRef ref="Console" />
        </Logger>
    </Loggers>
</Configuration>